{
    "$schema": "https://schema.management.azure.com/schemas/2015-01-01/deploymentParameters.json#",
    "contentVersion": "1.0.0.0",
    "parameters": {
        "sites_VCIDRateMyRig_name": {
            "value": null
        },
        "serverfarms_ASP_VCID_b8c9_name": {
            "value": null
        },
        "virtualNetworks_TestVCIDVnet_name": {
            "value": null
        },
        "virtualNetworks_VCIDratemyrigVnet_name": {
            "value": null
        },
        "flexibleServers_vcdiratemyrigdb_name": {
            "value": null
        },
        "privateDnsZones_privatelink_redis_cache_windows_net_name": {
            "value": null
        },
        "privateDnsZones_privatelink_postgres_database_azure_com_name": {
            "value": null
        }
    }
}